SolutionRank,Fitness,VehicleID,DeliveryIDs,NumDeliveries,TotalWeight,Distance,Priorities
4,3646.51,1,4;0;1,3,48.36,679.5953541816605,CRITICAL;LOW;LOW
4,3646.51,2,11;14;12;10;7,5,83.55,824.4897647634068,MEDIUM;LOW;MEDIUM;MEDIUM;HIGH
4,3646.51,3,9;2;5,3,30.82,577.2784328833801,LOW;HIGH;MEDIUM
4,3646.51,4,8;3,2,32.63,452.49850132035795,HIGH;MEDIUM
4,3646.51,5,6;13,2,39.57,331.77766082298075,MEDIUM;MEDIUM
