SolutionRank,Fitness,VehicleID,DeliveryIDs,NumDeliveries,TotalWeight,Distance,Priorities
2,3509.57,1,4;0;1,3,48.36,679.5953541816605,CRITICAL;LOW;LOW
2,3509.57,2,11;8;3;12;14,5,83.27,767.5613368274677,MEDIUM;HIGH;MEDIUM;MEDIUM;LOW
2,3509.57,3,9;2;5,3,30.82,577.2784328833801,LOW;HIGH;MEDIUM
2,3509.57,4,13;7,2,38.29,393.76723501126065,MEDIUM;HIGH
2,3509.57,5,6;10,2,34.19,314.37222383530803,MEDIUM;MEDIUM
