SolutionRank,Fitness,VehicleID,DeliveryIDs,NumDeliveries,TotalWeight,Distance,Priorities
1,3489.46,1,4;0;1,3,48.36,679.5953541816605,CRITICAL;LOW;LOW
1,3489.46,2,11;8;3;12;14,5,83.27,767.5613368274677,MEDIUM;HIGH;MEDIUM;MEDIUM;LOW
1,3489.46,3,9;2;5,3,30.82,577.2784328833801,LOW;HIGH;MEDIUM
1,3489.46,4,10;7,2,32.91,356.24903720808675,MEDIUM;HIGH
1,3489.46,5,6;13,2,39.57,331.77766082298075,MEDIUM;MEDIUM
